<?xml version="1.0" encoding="UTF-8" ?>
<!DOCTYPE mapper PUBLIC "-//mybatis.org//DTD Mapper 3.0//EN" "http://mybatis.org/dtd/mybatis-3-mapper.dtd" >
<mapper namespace="fit.yujing.mapper.UserMapper">
    <!-- 登录查询用户 -->
    <select id="findUserByName" parameterType="String" resultType="User">
		select * from user where username = #{username}
	</select>
	<!-- 注册新增用户 -->
    <insert id="addUser" parameterType="User">
		insert into user(username,password)
        values(#{username},#{password})
	</insert>
	<!--更新密码-->
    <update id="upPassword" parameterType="User">
		update user set password = #{password} where id= #{id}
	</update>
	<!--管理员查询用户及用户信息-->
	<select id="findUserAndInfo1" resultMap="findUserAndInfo" parameterType="String">
		SELECT u.*,it.* FROM user u,userinfo it where u.id=it.id and ( it.name like concat('%',#{name},'%') or u.username like concat('%',#{name},'%'))
	</select>
	<!--管理员查询所有用户及用户信息-->
	<select id="findAll" resultMap="findUserAndInfo">
		SELECT u.*,it.* FROM user u,userinfo it WHERE u.id=it.id
	</select>
	<resultMap id="findUserAndInfo" type="User">
		<id property="id" column="id" />
		<result property="username" column="username" />
		<result property="password" column="password" />
		<association property="userInfo" javaType="UserInfo">
			<id property="id" column="id" />
			<result property="name" column="name" />
			<result property="email" column="email" />
			<result property="tel" column="tel" />
			<result property="address" column="address" />
			<result property="balance" column="balance" />
		</association>
	</resultMap>
	<!--管理员修改用户-->
	<update id="upUser" parameterType="User">
		update user set username =#{username},password=#{password} where id =#{id}
	</update>
	<!--删除用户-->
	<delete id="delUser" parameterType="Integer">
		delete from user where id =#{id}
	</delete>
	<!--模糊查询用户-->
	<select id="findUser" parameterType="String" resultType="User">
		select * from user where id like concat('%',#{name},'%') username like concat('%',#{name},'%')
	</select>

</mapper>