<beans xmlns="http://www.springframework.org/schema/beans"
       xmlns:xsi="http://www.w3.org/2001/XMLSchema-instance"
       xmlns:mvc="http://www.springframework.org/schema/mvc"
       xmlns:context="http://www.springframework.org/schema/context"
       xmlns:aop="http://www.springframework.org/schema/aop"
       xmlns:tx="http://www.springframework.org/schema/tx"
       xsi:schemaLocation="http://www.springframework.org/schema/beans
		http://www.springframework.org/schema/beans/spring-beans-4.0.xsd 
		http://www.springframework.org/schema/mvc 
		http://www.springframework.org/schema/mvc/spring-mvc-4.0.xsd 
		http://www.springframework.org/schema/context 
		http://www.springframework.org/schema/context/spring-context-4.0.xsd 
		http://www.springframework.org/schema/aop 
		http://www.springframework.org/schema/aop/spring-aop-4.0.xsd 
		http://www.springframework.org/schema/tx 
		http://www.springframework.org/schema/tx/spring-tx-4.0.xsd ">
    <mvc:annotation-driven/><!-- 注解驱动 -->
    <!--包扫描-->
    <context:component-scan base-package="fit.yujing.service"/>
    <context:component-scan base-package="fit.yujing.mapper"/>
    <context:component-scan base-package="fit.yujing.controller"/>

    <!-- 视图解析器 -->
    <bean
            class="org.springframework.web.servlet.view.InternalResourceViewResolver">
        <property name="prefix" value="/WEB-INF/jsp/"/><!-- 配置jsp路径的前缀 -->
        <property name="suffix" value=".jsp"/><!-- 配置jsp路径的后缀 -->
    </bean>

    <!-- 配置拦截器 -->
    <mvc:interceptors>
        <mvc:interceptor>
            <mvc:mapping path="/**"/>
            <mvc:exclude-mapping path="/**/fonts/*"/>
            <mvc:exclude-mapping path="/**/*.css"/>
            <mvc:exclude-mapping path="/**/*.js"/>
            <mvc:exclude-mapping path="/**/*.png"/>
            <mvc:exclude-mapping path="/**/*.gif"/>
            <mvc:exclude-mapping path="/**/*.jpg"/>
            <mvc:exclude-mapping path="/**/*.jpeg"/>
            <mvc:exclude-mapping path="/login.action"/>
            <mvc:exclude-mapping path="/register.action"/>
            <bean class="fit.yujing.interceptor.LoginInterceptor"/>
        </mvc:interceptor>
    </mvc:interceptors>
    
    <!--放过/resources下的静态文件,放置js\css\图片等 -->
    <mvc:resources mapping="/resources/**" location="/resources/"/>
    <mvc:resources mapping="/js/**" location="resources/js/"/>

</beans>